berthage,section
201124,荔园路(蛇口西段)
204078,创业路(南油段)
204129,创业路(南油段)
204183,海德二道（南油段）
205098,后海大道辅道(后海段)
201198,招商路(蛇口西段)
202304,海月路(东段)
203291,荔园路(蛇口东段)
201159,荔园路(蛇口西段)
201168,荔园路(蛇口西段)
203290,荔园路(蛇口东段)
203296,荔园路(蛇口东段)
201183,招商路(蛇口西段)
201246,招商路(蛇口西段)
202207,金世纪路
203258,荔园路(蛇口东段)
205032,后海大道辅道(后海段)
205044,后海大道辅道(后海段)
201201,招商路(蛇口西段)
203350,工业九路
201126,荔园路(蛇口西段)
201167,荔园路(蛇口西段)
201174,荔园路(蛇口西段)
204202,海德二道（南油段）
201193,招商路(蛇口西段)
203368,工业九路
205081,后海大道辅道(后海段)
203279,荔园路(蛇口东段)
204009,南新路
204010,南新路
201218,招商路(蛇口西段)
203013,四海路
203366,工业九路
203374,工业九路
204208,海德二道（南油段）
205048,后海大道辅道(后海段)
203005,四海路
204123,创业路(南油段)
201097,荔园路(蛇口西段)
203021,四海路
203043,四海路
201199,招商路(蛇口西段)
203353,工业九路
201186,招商路(蛇口西段)
202235,金世纪路
203045,四海路
203360,工业九路
204090,创业路(南油段)
205049,后海大道辅道(后海段)
201112,荔园路(蛇口西段)
201235,招商路(蛇口西段)
203124,后海大道辅道(蛇口北段)
204181,海德二道（南油段）
204213,海德二道（南油段）
204137,创业路(南油段)
205037,后海大道辅道(后海段)
204126,创业路(南油段)
203299,荔园路(蛇口东段)
204114,创业路(南油段)
203063,后海大道辅道(蛇口北段)
201215,招商路(蛇口西段)
202216,金世纪路
203101,后海大道辅道(蛇口北段)
205080,后海大道辅道(后海段)
201116,荔园路(蛇口西段)
203031,四海路
204205,海德二道（南油段）
201153,荔园路(蛇口西段)
203106,后海大道辅道(蛇口北段)
205065,后海大道辅道(后海段)
201130,荔园路(蛇口西段)
201240,招商路(蛇口西段)
203282,荔园路(蛇口东段)
203268,荔园路(蛇口东段)
204091,创业路(南油段)
201117,荔园路(蛇口西段)
201160,荔园路(蛇口西段)
203380,工业九路
204064,创业路(南油段)
204188,海德二道（南油段）
201148,荔园路(蛇口西段)
201185,招商路(蛇口西段)
201128,荔园路(蛇口西段)
201157,荔园路(蛇口西段)
205045,后海大道辅道(后海段)
204119,创业路(南油段)
204194,海德二道（南油段）
204218,海德二道（南油段）
203264,荔园路(蛇口东段)
203376,工业九路
201156,荔园路(蛇口西段)
201203,招商路(蛇口西段)
203300,荔园路(蛇口东段)
204068,创业路(南油段)
201151,荔园路(蛇口西段)
202302,海月路(东段)
203036,四海路
203048,四海路
203266,荔园路(蛇口东段)
201234,招商路(蛇口西段)
202315,海月路(东段)
204065,创业路(南油段)
204138,创业路(南油段)
201154,荔园路(蛇口西段)
203006,四海路
204135,创业路(南油段)
202309,海月路(东段)
203012,四海路
204083,创业路(南油段)
201233,招商路(蛇口西段)
205028,后海大道辅道(后海段)
204192,海德二道（南油段）
203112,后海大道辅道(蛇口北段)
204098,创业路(南油段)
204195,海德二道（南油段）
205089,后海大道辅道(后海段)
203066,后海大道辅道(蛇口北段)
203072,后海大道辅道(蛇口北段)
204139,创业路(南油段)
205067,后海大道辅道(后海段)
205068,后海大道辅道(后海段)
201141,荔园路(蛇口西段)
203289,荔园路(蛇口东段)
204045,南新路
201196,招商路(蛇口西段)
205093,后海大道辅道(后海段)
201205,招商路(蛇口西段)
203285,荔园路(蛇口东段)
202312,海月路(东段)
204203,海德二道（南油段）
201188,招商路(蛇口西段)
202316,海月路(东段)
201231,招商路(蛇口西段)
203024,四海路
204174,海德二道（南油段）
203020,四海路
204191,海德二道（南油段）
204199,海德二道（南油段）
205027,后海大道辅道(后海段)
201173,荔园路(蛇口西段)
203077,后海大道辅道(蛇口北段)
203080,后海大道辅道(蛇口北段)
203370,工业九路
204042,南新路
204134,创业路(南油段)
201158,荔园路(蛇口西段)
201248,招商路(蛇口西段)
203068,后海大道辅道(蛇口北段)
204088,创业路(南油段)
204173,海德二道（南油段）
205021,后海大道辅道(后海段)
202307,海月路(东段)
203333,工业九路
203349,工业九路
205036,后海大道辅道(后海段)
201170,荔园路(蛇口西段)
203117,后海大道辅道(蛇口北段)
203128,后海大道辅道(蛇口北段)
204211,海德二道（南油段）
203055,四海路
203294,荔园路(蛇口东段)
205094,后海大道辅道(后海段)
202217,金世纪路
203356,工业九路
203277,荔园路(蛇口东段)
203028,四海路
201092,荔园路(蛇口西段)
201204,招商路(蛇口西段)
203083,后海大道辅道(蛇口北段)
204215,海德二道（南油段）
203340,工业九路
203104,后海大道辅道(蛇口北段)
204067,创业路(南油段)
205051,后海大道辅道(后海段)
201166,荔园路(蛇口西段)
202232,金世纪路
204081,创业路(南油段)
203019,四海路
203065,后海大道辅道(蛇口北段)
205030,后海大道辅道(后海段)
201200,招商路(蛇口西段)
201247,招商路(蛇口西段)
202215,金世纪路
203358,工业九路
204153,创业路(南油段)
201118,荔园路(蛇口西段)
202210,金世纪路
204101,创业路(南油段)
201245,招商路(蛇口西段)
203269,荔园路(蛇口东段)
201195,招商路(蛇口西段)
201221,招商路(蛇口西段)
202208,金世纪路
203295,荔园路(蛇口东段)
203369,工业九路
201102,荔园路(蛇口西段)
201232,招商路(蛇口西段)
203078,后海大道辅道(蛇口北段)
203111,后海大道辅道(蛇口北段)
203365,工业九路
203015,四海路
203052,四海路
204008,南新路
205040,后海大道辅道(后海段)
201238,招商路(蛇口西段)
203017,四海路
204113,创业路(南油段)
201165,荔园路(蛇口西段)
202234,金世纪路
203362,工业九路
201115,荔园路(蛇口西段)
201230,招商路(蛇口西段)
202318,海月路(东段)
204133,创业路(南油段)
205026,后海大道辅道(后海段)
201111,荔园路(蛇口西段)
201206,招商路(蛇口西段)
203084,后海大道辅道(蛇口北段)
203284,荔园路(蛇口东段)
204172,海德二道（南油段）
204219,海德二道（南油段）
205077,后海大道辅道(后海段)
205086,后海大道辅道(后海段)
201125,荔园路(蛇口西段)
201212,招商路(蛇口西段)
203283,荔园路(蛇口东段)
204196,海德二道（南油段）
201143,荔园路(蛇口西段)
204216,海德二道（南油段）
205039,后海大道辅道(后海段)
203025,四海路
205092,后海大道辅道(后海段)
203379,工业九路
204047,南新路
204209,海德二道（南油段）
203123,后海大道辅道(蛇口北段)
204087,创业路(南油段)
204136,创业路(南油段)
204156,创业路(南油段)
202219,金世纪路
202303,海月路(东段)
204158,创业路(南油段)
204180,海德二道（南油段）
202319,海月路(东段)
203061,后海大道辅道(蛇口北段)
203127,后海大道辅道(蛇口北段)
204179,海德二道（南油段）
201239,招商路(蛇口西段)
204001,南新路
205074,后海大道辅道(后海段)
203027,四海路
201145,荔园路(蛇口西段)
201211,招商路(蛇口西段)
203002,四海路
204178,海德二道（南油段）
204095,创业路(南油段)
203074,后海大道辅道(蛇口北段)
204185,海德二道（南油段）
203029,四海路
203254,荔园路(蛇口东段)
203265,荔园路(蛇口东段)
203354,工业九路
203377,工业九路
204198,海德二道（南油段）
201181,招商路(蛇口西段)
204204,海德二道（南油段）
205023,后海大道辅道(后海段)
205024,后海大道辅道(后海段)
205035,后海大道辅道(后海段)
205064,后海大道辅道(后海段)
201171,荔园路(蛇口西段)
203301,荔园路(蛇口东段)
204063,创业路(南油段)
201121,荔园路(蛇口西段)
201119,荔园路(蛇口西段)
202221,金世纪路
203273,荔园路(蛇口东段)
203367,工业九路
204011,南新路
204117,创业路(南油段)
204206,海德二道（南油段）
205066,后海大道辅道(后海段)
201236,招商路(蛇口西段)
203090,后海大道辅道(蛇口北段)
205082,后海大道辅道(后海段)
201095,荔园路(蛇口西段)
201161,荔园路(蛇口西段)
204044,南新路
201147,荔园路(蛇口西段)
203122,后海大道辅道(蛇口北段)
203257,荔园路(蛇口东段)
205043,后海大道辅道(后海段)
201113,荔园路(蛇口西段)
201220,招商路(蛇口西段)
201227,招商路(蛇口西段)
202308,海月路(东段)
203075,后海大道辅道(蛇口北段)
203375,工业九路
204092,创业路(南油段)
203335,工业九路
205091,后海大道辅道(后海段)
201229,招商路(蛇口西段)
203041,四海路
203318,荔园路(蛇口东段)
205034,后海大道辅道(后海段)
201103,荔园路(蛇口西段)
202220,金世纪路
202310,海月路(东段)
201163,荔园路(蛇口西段)
203007,四海路
203252,荔园路(蛇口东段)
204186,海德二道（南油段）
201132,荔园路(蛇口西段)
202301,海月路(东段)
203034,四海路
203081,后海大道辅道(蛇口北段)
204157,创业路(南油段)
201189,招商路(蛇口西段)
203352,工业九路
202213,金世纪路
203008,四海路
203351,工业九路
204046,南新路
205070,后海大道辅道(后海段)
201098,荔园路(蛇口西段)
204128,创业路(南油段)
205053,后海大道辅道(后海段)
204062,创业路(南油段)
204003,南新路
204096,创业路(南油段)
201127,荔园路(蛇口西段)
203109,后海大道辅道(蛇口北段)
203118,后海大道辅道(蛇口北段)
201100,荔园路(蛇口西段)
203346,工业九路
204007,南新路
203115,后海大道辅道(蛇口北段)
203298,荔园路(蛇口东段)
203345,工业九路
204066,创业路(南油段)
203342,工业九路
205042,后海大道辅道(后海段)
203076,后海大道辅道(蛇口北段)
203089,后海大道辅道(蛇口北段)
204014,南新路
204076,创业路(南油段)
201129,荔园路(蛇口西段)
202314,海月路(东段)
203004,四海路
203038,四海路
203276,荔园路(蛇口东段)
203302,荔园路(蛇口东段)
204084,创业路(南油段)
201202,招商路(蛇口西段)
202305,海月路(东段)
203262,荔园路(蛇口东段)
203347,工业九路
204182,海德二道（南油段）
205025,后海大道辅道(后海段)
201225,招商路(蛇口西段)
203067,后海大道辅道(蛇口北段)
204013,南新路
204212,海德二道（南油段）
203035,四海路
203062,后海大道辅道(蛇口北段)
204082,创业路(南油段)
201144,荔园路(蛇口西段)
201191,招商路(蛇口西段)
203373,工业九路
201155,荔园路(蛇口西段)
201172,荔园路(蛇口西段)
203009,四海路
204175,海德二道（南油段）
205052,后海大道辅道(后海段)
203030,四海路
203253,荔园路(蛇口东段)
204154,创业路(南油段)
205078,后海大道辅道(后海段)
203274,荔园路(蛇口东段)
203357,工业九路
203014,四海路
203046,四海路
203050,四海路
204005,南新路
204112,创业路(南油段)
203267,荔园路(蛇口东段)
203378,工业九路
204121,创业路(南油段)
205083,后海大道辅道(后海段)
205090,后海大道辅道(后海段)
204118,创业路(南油段)
205038,后海大道辅道(后海段)
203051,四海路
203317,荔园路(蛇口东段)
204069,创业路(南油段)
204080,创业路(南油段)
201213,招商路(蛇口西段)
201224,招商路(蛇口西段)
202209,金世纪路
204176,海德二道（南油段）
201091,荔园路(蛇口西段)
201107,荔园路(蛇口西段)
204049,南新路
201216,招商路(蛇口西段)
201164,荔园路(蛇口西段)
203292,荔园路(蛇口东段)
201187,招商路(蛇口西段)
203293,荔园路(蛇口东段)
204131,创业路(南油段)
205097,后海大道辅道(后海段)
201222,招商路(蛇口西段)
205033,后海大道辅道(后海段)
201120,荔园路(蛇口西段)
203263,荔园路(蛇口东段)
204214,海德二道（南油段）
205031,后海大道辅道(后海段)
201094,荔园路(蛇口西段)
203039,四海路
203102,后海大道辅道(蛇口北段)
205041,后海大道辅道(后海段)
203042,四海路
203256,荔园路(蛇口东段)
204004,南新路
204122,创业路(南油段)
202218,金世纪路
203056,四海路
203105,后海大道辅道(蛇口北段)
205087,后海大道辅道(后海段)
203280,荔园路(蛇口东段)
203319,荔园路(蛇口东段)
201228,招商路(蛇口西段)
204097,创业路(南油段)
201192,招商路(蛇口西段)
203044,四海路
203108,后海大道辅道(蛇口北段)
204002,南新路
203088,后海大道辅道(蛇口北段)
204006,南新路
205076,后海大道辅道(后海段)
203087,后海大道辅道(蛇口北段)
203381,工业九路
205047,后海大道辅道(后海段)
203287,荔园路(蛇口东段)
205071,后海大道辅道(后海段)
205096,后海大道辅道(后海段)
202214,金世纪路
204089,创业路(南油段)
205079,后海大道辅道(后海段)
205095,后海大道辅道(后海段)
203070,后海大道辅道(蛇口北段)
203085,后海大道辅道(蛇口北段)
203125,后海大道辅道(蛇口北段)
204115,创业路(南油段)
204189,海德二道（南油段）
203053,四海路
203086,后海大道辅道(蛇口北段)
202212,金世纪路
204099,创业路(南油段)
205072,后海大道辅道(后海段)
201214,招商路(蛇口西段)
201226,招商路(蛇口西段)
203016,四海路
203371,工业九路
204043,南新路
203011,四海路
203073,后海大道辅道(蛇口北段)
203121,后海大道辅道(蛇口北段)
203337,工业九路
203344,工业九路
203355,工业九路
204155,创业路(南油段)
201184,招商路(蛇口西段)
203286,荔园路(蛇口东段)
203359,工业九路
204116,创业路(南油段)
201149,荔园路(蛇口西段)
201237,招商路(蛇口西段)
203054,四海路
203069,后海大道辅道(蛇口北段)
203103,后海大道辅道(蛇口北段)
203119,后海大道辅道(蛇口北段)
203334,工业九路
205085,后海大道辅道(后海段)
201219,招商路(蛇口西段)
203040,四海路
204012,南新路
202311,海月路(东段)
203037,四海路
204085,创业路(南油段)
203278,荔园路(蛇口东段)
204210,海德二道（南油段）
201109,荔园路(蛇口西段)
201114,荔园路(蛇口西段)
203071,后海大道辅道(蛇口北段)
203341,工业九路
204125,创业路(南油段)
204127,创业路(南油段)
204197,海德二道（南油段）
204100,创业路(南油段)
201108,荔园路(蛇口西段)
201194,招商路(蛇口西段)
202313,海月路(东段)
203023,四海路
203022,四海路
203332,工业九路
202211,金世纪路
204015,南新路
203261,荔园路(蛇口东段)
203272,荔园路(蛇口东段)
203338,工业九路
203032,四海路
203107,后海大道辅道(蛇口北段)
204193,海德二道（南油段）
205022,后海大道辅道(后海段)
205050,后海大道辅道(后海段)
201093,荔园路(蛇口西段)
201169,荔园路(蛇口西段)
203116,后海大道辅道(蛇口北段)
203364,工业九路
204077,创业路(南油段)
202233,金世纪路
202306,海月路(东段)
204061,创业路(南油段)
204094,创业路(南油段)
204177,海德二道（南油段）
205075,后海大道辅道(后海段)
203001,四海路
203120,后海大道辅道(蛇口北段)
204159,创业路(南油段)
205088,后海大道辅道(后海段)
205046,后海大道辅道(后海段)
203259,荔园路(蛇口东段)
204111,创业路(南油段)
204130,创业路(南油段)
204184,海德二道（南油段）
205069,后海大道辅道(后海段)
203255,荔园路(蛇口东段)
204201,海德二道（南油段）
201217,招商路(蛇口西段)
202317,海月路(东段)
204086,创业路(南油段)
205084,后海大道辅道(后海段)
203010,四海路
203079,后海大道辅道(蛇口北段)
204048,南新路
201142,荔园路(蛇口西段)
201146,荔园路(蛇口西段)
204132,创业路(南油段)
204093,创业路(南油段)
201099,荔园路(蛇口西段)
203033,四海路
203348,工业九路
203372,工业九路
203049,四海路
203114,后海大道辅道(蛇口北段)
204120,创业路(南油段)
203018,四海路
203288,荔园路(蛇口东段)
204140,创业路(南油段)
203110,后海大道辅道(蛇口北段)
201190,招商路(蛇口西段)
201197,招商路(蛇口西段)
203281,荔园路(蛇口东段)
204207,海德二道（南油段）
201243,招商路(蛇口西段)
203331,工业九路
204217,海德二道（南油段）
201162,荔园路(蛇口西段)
203126,后海大道辅道(蛇口北段)
203260,荔园路(蛇口东段)
205073,后海大道辅道(后海段)
201106,荔园路(蛇口西段)
201131,荔园路(蛇口西段)
201150,荔园路(蛇口西段)
203026,四海路
203361,工业九路
201096,荔园路(蛇口西段)
201244,招商路(蛇口西段)
203270,荔园路(蛇口东段)
204079,创业路(南油段)
203082,后海大道辅道(蛇口北段)
203251,荔园路(蛇口东段)
203297,荔园路(蛇口东段)
203363,工业九路
201105,荔园路(蛇口西段)
201182,招商路(蛇口西段)
203275,荔园路(蛇口东段)
203336,工业九路
203339,工业九路
204124,创业路(南油段)
203003,四海路
203064,后海大道辅道(蛇口北段)
203113,后海大道辅道(蛇口北段)
205111,后海大道辅道(后海段)
208143,文心二路
206066,常兴路
205200,龙城路
206062,常兴路
207002,中心路(后海湾段)
206019,常兴路
206305,南头街
207028,中心路(后海湾段)
207141,海德一道(后海湾段)
205202,龙城路
205151,登良路
205176,龙城路
206296,南头街
207146,海德一道(后海湾段)
206022,常兴路
206030,常兴路
207119,创业路(后海湾段)
208251,文心三路
205130,登良路
206075,常兴路
207058,中心路(后海湾段)
207087,创业路(后海湾段)
207062,中心路(后海湾段)
208146,文心二路
205156,登良路
207153,海德一道(后海湾段)
208263,文心四路
205172,龙城路
208171,文心二路
208173,文心二路
206071,常兴路
208181,文心二路
207059,中心路(后海湾段)
205127,华明路
206095,学府路(前海段)
207032,中心路(后海湾段)
207071,中心路(后海湾段)
208123,文心一路
206099,学府路(前海段)
205194,龙城路
207149,海德一道(后海湾段)
206073,常兴路
206303,南头街
207048,中心路(后海湾段)
208253,文心三路
206072,常兴路
207115,创业路(后海湾段)
208261,文心四路
205102,后海大道辅道(后海段)
206018,常兴路
207013,中心路(后海湾段)
208172,文心二路
208141,文心二路
206290,南头街
207176,海德一道(后海湾段)
206051,常兴路
206103,学府路(前海段)
207003,中心路(后海湾段)
207017,中心路(后海湾段)
205128,华明路
206302,南头街
207009,中心路(后海湾段)
208254,文心三路
206074,常兴路
208154,文心二路
206009,常兴路
207088,创业路(后海湾段)
207147,海德一道(后海湾段)
208101,文心一路
205149,登良路
206097,学府路(前海段)
205134,登良路
205196,龙城路
207116,创业路(后海湾段)
205184,龙城路
206063,常兴路
208108,文心一路
207052,中心路(后海湾段)
205104,后海大道辅道(后海段)
206068,常兴路
208245,文心三路
205183,龙城路
206029,常兴路
206094,学府路(前海段)
206286,南头街
207004,中心路(后海湾段)
207014,中心路(后海湾段)
208243,文心三路
205109,后海大道辅道(后海段)
205154,登良路
205181,龙城路
205187,龙城路
206288,南头街
205157,登良路
205175,龙城路
207144,海德一道(后海湾段)
208136,文心二路
208256,文心三路
205135,登良路
207001,中心路(后海湾段)
207173,海德一道(后海湾段)
205155,登良路
207010,中心路(后海湾段)
207016,中心路(后海湾段)
207025,中心路(后海湾段)
205199,龙城路
206001,常兴路
208106,文心一路
205147,登良路
206070,常兴路
206060,常兴路
207150,海德一道(后海湾段)
207151,海德一道(后海湾段)
207182,海德一道(后海湾段)
208139,文心二路
205141,登良路
205146,登良路
207049,中心路(后海湾段)
208137,文心二路
206053,常兴路
206287,南头街
207072,中心路(后海湾段)
207143,海德一道(后海湾段)
208138,文心二路
208175,文心二路
206013,常兴路
205133,登良路
206010,常兴路
206034,常兴路
206102,学府路(前海段)
205186,龙城路
206005,常兴路
207021,中心路(后海湾段)
207061,中心路(后海湾段)
208241,文心三路
206021,常兴路
208174,文心二路
205107,后海大道辅道(后海段)
205150,登良路
208135,文心二路
208179,文心二路
207178,海德一道(后海湾段)
206008,常兴路
206101,学府路(前海段)
205142,登良路
206031,常兴路
208103,文心一路
208151,文心二路
208264,文心四路
207064,中心路(后海湾段)
207056,中心路(后海湾段)
205105,后海大道辅道(后海段)
205185,龙城路
205145,登良路
205190,龙城路
207179,海德一道(后海湾段)
205177,龙城路
205193,龙城路
207031,中心路(后海湾段)
207065,中心路(后海湾段)
205144,登良路
206285,南头街
207070,中心路(后海湾段)
208105,文心一路
208183,文心二路
206058,常兴路
207051,中心路(后海湾段)
205129,华明路
207068,中心路(后海湾段)
207043,中心路(后海湾段)
208178,文心二路
205171,龙城路
206281,南头街
207041,中心路(后海湾段)
208255,文心三路
206307,南头街
206035,常兴路
207145,海德一道(后海湾段)
206057,常兴路
205179,龙城路
205197,龙城路
207112,创业路(后海湾段)
205178,龙城路
206069,常兴路
206092,学府路(前海段)
208140,文心二路
207069,中心路(后海湾段)
205131,登良路
207174,海德一道(后海湾段)
208107,文心一路
206027,常兴路
206007,常兴路
207171,海德一道(后海湾段)
208153,文心二路
208252,文心三路
205099,后海大道辅道(后海段)
205152,登良路
207114,创业路(后海湾段)
207066,中心路(后海湾段)
206096,学府路(前海段)
206011,常兴路
207053,中心路(后海湾段)
205110,后海大道辅道(后海段)
206055,常兴路
207057,中心路(后海湾段)
207073,中心路(后海湾段)
207029,中心路(后海湾段)
206284,南头街
207047,中心路(后海湾段)
206028,常兴路
206077,常兴路
207007,中心路(后海湾段)
207081,创业路(后海湾段)
208262,文心四路
206059,常兴路
206294,南头街
207086,创业路(后海湾段)
205188,龙城路
205203,龙城路
207042,中心路(后海湾段)
206024,常兴路
207006,中心路(后海湾段)
205139,登良路
206036,常兴路
207045,中心路(后海湾段)
207046,中心路(后海湾段)
207183,海德一道(后海湾段)
205137,登良路
208152,文心二路
207184,海德一道(后海湾段)
206017,常兴路
206104,学府路(前海段)
207026,中心路(后海湾段)
205198,龙城路
206032,常兴路
206093,学府路(前海段)
205153,登良路
208120,文心一路
206015,常兴路
206016,常兴路
208121,文心一路
205180,龙城路
206004,常兴路
206026,常兴路
207005,中心路(后海湾段)
205158,登良路
206067,常兴路
208102,文心一路
205112,后海大道辅道(后海段)
206056,常兴路
205189,龙城路
207175,海德一道(后海湾段)
207044,中心路(后海湾段)
207060,中心路(后海湾段)
205143,登良路
206065,常兴路
206006,常兴路
205182,龙城路
206003,常兴路
205174,龙城路
207050,中心路(后海湾段)
205173,龙城路
206079,常兴路
207019,中心路(后海湾段)
208244,文心三路
207082,创业路(后海湾段)
208182,文心二路
208176,文心二路
205138,登良路
205201,龙城路
206054,常兴路
206283,南头街
205106,后海大道辅道(后海段)
206076,常兴路
206080,常兴路
207152,海德一道(后海湾段)
206025,常兴路
206295,南头街
208104,文心一路
206306,南头街
206308,南头街
207011,中心路(后海湾段)
208142,文心二路
208155,文心二路
207022,中心路(后海湾段)
205108,后海大道辅道(后海段)
207180,海德一道(后海湾段)
208122,文心一路
207181,海德一道(后海湾段)
206078,常兴路
208145,文心二路
206014,常兴路
207012,中心路(后海湾段)
207172,海德一道(后海湾段)
205140,登良路
207083,创业路(后海湾段)
207023,中心路(后海湾段)
206297,南头街
207118,创业路(后海湾段)
207117,创业路(后海湾段)
208144,文心二路
207063,中心路(后海湾段)
206282,南头街
207113,创业路(后海湾段)
207154,海德一道(后海湾段)
205101,后海大道辅道(后海段)
205132,登良路
205136,登良路
208177,文心二路
207030,中心路(后海湾段)
208242,文心三路
207084,创业路(后海湾段)
208180,文心二路
206052,常兴路
206304,南头街
205148,登良路
205191,龙城路
208109,文心一路
207008,中心路(后海湾段)
207055,中心路(后海湾段)
207120,创业路(后海湾段)
206033,常兴路
206020,常兴路
207089,创业路(后海湾段)
206023,常兴路
207015,中心路(后海湾段)
207020,中心路(后海湾段)
207024,中心路(后海湾段)
206064,常兴路
207085,创业路(后海湾段)
206002,常兴路
207142,海德一道(后海湾段)
208257,文心三路
205103,后海大道辅道(后海段)
206012,常兴路
207018,中心路(后海湾段)
206061,常兴路
206289,南头街
207054,中心路(后海湾段)
208613,海德二道
208554,海德一道
210010,高新南环路
210064,高新南环路
210114,高新南环路
208309,文心五路
208544,海德一道
210032,高新南环路
210116,高新南环路
208476,海德一道
208359,文心六路
210004,高新南环路
210071,高新南环路
210082,高新南环路
208332,文心五路
208478,海德一道
208510,海德一道
210016,高新南环路
208653,海德三道
208399,文心六路
208610,海德二道
208648,海德三道
208584,海德二道
208634,海德三道
210125,科技南路
210121,科技南路
210122,科技南路
208391,文心六路
210026,高新南环路
210097,高新南环路
208442,创业路辅道
208516,海德一道
208685,海德三道
210027,高新南环路
208546,海德一道
210130,科技南路
208519,海德一道
208594,海德二道
208669,海德三道
208682,海德三道
208303,文心五路
210091,高新南环路
208315,文心五路
208674,海德三道
208385,文心六路
208266,文心四路
208389,文心六路
208474,海德一道
210072,高新南环路
208369,文心六路
208458,创业路辅道
208561,海德二道
208579,海德二道
208580,海德二道
208617,海德二道
210087,高新南环路
210126,科技南路
208308,文心五路
208583,海德二道
208401,文心六路
208588,海德二道
208270,文心四路
208482,海德一道
208515,海德一道
208531,海德一道
208591,海德二道
208393,文心六路
208477,海德一道
210058,高新南环路
210081,高新南环路
208486,海德一道
208578,海德二道
208595,海德二道
210022,高新南环路
208274,文心四路
208439,创业路辅道
210123,科技南路
208356,文心六路
208449,创业路辅道
208650,海德三道
208658,海德三道
208535,海德一道
210057,高新南环路
210108,高新南环路
208456,创业路辅道
208534,海德一道
208306,文心五路
210042,高新南环路
208403,文心六路
208462,创业路辅道
208576,海德二道
210013,高新南环路
208283,文心四路
208358,文心六路
210060,高新南环路
208481,海德一道
208514,海德一道
208574,海德二道
210127,科技南路
210131,科技南路
208423,创业路辅道
208438,创业路辅道
208437,创业路辅道
208545,海德一道
208683,海德三道
208441,创业路辅道
208452,创业路辅道
208596,海德二道
208363,文心六路
208454,创业路辅道
208517,海德一道
208555,海德一道
210073,高新南环路
208388,文心六路
208659,海德三道
208676,海德三道
210012,高新南环路
208637,海德三道
210111,高新南环路
208677,海德三道
210003,高新南环路
210045,高新南环路
208314,文心五路
208671,海德三道
210089,高新南环路
208374,文心六路
208422,创业路辅道
210124,科技南路
208471,海德一道
210069,高新南环路
208530,海德一道
208660,海德三道
210001,高新南环路
208645,海德三道
208273,文心四路
208475,海德一道
208512,海德一道
210085,高新南环路
208432,创业路辅道
208597,海德二道
208670,海德三道
208434,创业路辅道
208473,海德一道
208611,海德二道
210028,高新南环路
208386,文心六路
208507,海德一道
208586,海德二道
210095,高新南环路
208484,海德一道
208582,海德二道
210137,科技南路
208638,海德三道
208675,海德三道
210002,高新南环路
208433,创业路辅道
210128,科技南路
208593,海德二道
208370,文心六路
208464,创业路辅道
208487,海德一道
210020,高新南环路
210030,高新南环路
210109,高新南环路
208375,文心六路
208446,创业路辅道
208360,文心六路
208268,文心四路
208313,文心五路
208354,文心六路
208424,创业路辅道
208598,海德二道
210033,高新南环路
210132,科技南路
208384,文心六路
210134,科技南路
208618,海德二道
208373,文心六路
210007,高新南环路
208364,文心六路
208679,海德三道
208398,文心六路
208444,创业路辅道
208619,海德二道
208483,海德一道
210065,高新南环路
208513,海德一道
208333,文心五路
208365,文心六路
208511,海德一道
210050,高新南环路
210083,高新南环路
208429,创业路辅道
208532,海德一道
208644,海德三道
210029,高新南环路
210077,高新南环路
208485,海德一道
208649,海德三道
210068,高新南环路
208378,文心六路
208387,文心六路
208536,海德一道
208265,文心四路
208435,创业路辅道
210014,高新南环路
210096,高新南环路
210101,高新南环路
208331,文心五路
208430,创业路辅道
208556,海德一道
210129,科技南路
210135,科技南路
208392,文心六路
208599,海德二道
208612,海德二道
208681,海德三道
210070,高新南环路
208267,文心四路
208395,文心六路
208533,海德一道
210017,高新南环路
210088,高新南环路
210141,科技南路
208366,文心六路
208643,海德三道
208368,文心六路
210078,高新南环路
210079,高新南环路
210090,高新南环路
208353,文心六路
208640,海德三道
210009,高新南环路
208381,文心六路
208404,文心六路
208276,文心四路
208279,文心四路
208281,文心四路
208405,文心六路
208440,创业路辅道
208272,文心四路
208411,文心六路
208657,海德三道
208372,文心六路
208587,海德二道
210048,高新南环路
210049,高新南环路
208307,文心五路
208543,海德一道
208412,文心六路
210018,高新南环路
210086,高新南环路
208400,文心六路
208426,创业路辅道
208457,创业路辅道
208285,文心四路
208379,文心六路
210021,高新南环路
210094,高新南环路
208614,海德二道
210035,高新南环路
210059,高新南环路
210066,高新南环路
208436,创业路辅道
208589,海德二道
208284,文心四路
210107,高新南环路
208427,创业路辅道
208542,海德一道
208304,文心五路
210112,高新南环路
208383,文心六路
208601,海德二道
208377,文心六路
208460,创业路辅道
208505,海德一道
208551,海德一道
208631,海德三道
210034,高新南环路
210031,高新南环路
208453,创业路辅道
208461,创业路辅道
208380,文心六路
210092,高新南环路
208651,海德三道
208271,文心四路
208646,海德三道
208620,海德二道
208615,海德二道
210047,高新南环路
210093,高新南环路
208275,文心四路
208280,文心四路
208357,文心六路
210046,高新南环路
208632,海德三道
208269,文心四路
208367,文心六路
210025,高新南环路
208509,海德一道
208585,海德二道
208431,创业路辅道
208451,创业路辅道
208455,创业路辅道
210036,高新南环路
208394,文心六路
208459,创业路辅道
208616,海德二道
210074,高新南环路
210113,高新南环路
208656,海德三道
208286,文心四路
208390,文心六路
208672,海德三道
210136,科技南路
208351,文心六路
208547,海德一道
208639,海德三道
208673,海德三道
210115,高新南环路
208488,海德一道
208577,海德二道
208633,海德三道
210104,高新南环路
208361,文心六路
208590,海德二道
210044,高新南环路
210102,高新南环路
210103,高新南环路
208508,海德一道
210076,高新南环路
208506,海德一道
208592,海德二道
210005,高新南环路
208371,文心六路
208410,文心六路
208407,文心六路
208642,海德三道
208450,创业路辅道
208647,海德三道
210024,高新南环路
208552,海德一道
208316,文心五路
208678,海德三道
208684,海德三道
210011,高新南环路
210015,高新南环路
208504,海德一道
208518,海德一道
208655,海德三道
210043,高新南环路
208654,海德三道
208680,海德三道
210084,高新南环路
208305,文心五路
208652,海德三道
210006,高新南环路
210110,高新南环路
208428,创业路辅道
208553,海德一道
208600,海德二道
210019,高新南环路
208402,文心六路
208421,创业路辅道
208472,海德一道
208408,文心六路
208447,创业路辅道
208575,海德二道
210106,高新南环路
208282,文心四路
208445,创业路辅道
208396,文心六路
208425,创业路辅道
208448,创业路辅道
210023,高新南环路
210080,高新南环路
208352,文心六路
208409,文心六路
208581,海德二道
208661,海德三道
210037,高新南环路
208641,海德三道
208355,文心六路
208562,海德二道
208406,文心六路
210008,高新南环路
210038,高新南环路
208443,创业路辅道
210133,科技南路
208563,海德二道
210075,高新南环路
210346,高新南十一道
210356,高新南十一道
211257,高新南四道
210195,科技南路
210426,高新南十道
210436,高新南十道
210543,高新南九道
211031,科技南一路
211068,科技南一路
211119,科技南一路
211137,科技南十路
211244,高新南四道
211291,高新南三道
210160,科技南路
211191,高新南七道
211247,高新南四道
210382,高新南十一道
211030,科技南一路
211278,高新南三道
210470,高新南十道
210571,高新南环路
211201,高新南七道
210434,高新南十道
211198,高新南七道
211282,高新南三道
210144,科技南路
210432,高新南十道
210440,高新南十道
210536,高新南九道
210562,高新南环路
210179,科技南路
210305,高新南环路
210466,高新南十道
211158,科技南十路
211187,高新南七道
210150,科技南路
210599,高新南环路
211260,高新南四道
210269,高新南环路
210540,高新南九道
211180,高新南七道
210387,高新南十一道
210379,高新南十一道
211114,科技南一路
210375,高新南十一道
211274,高新南三道
210158,科技南路
210373,高新南十一道
210549,高新南九道
210145,科技南路
210178,科技南路
210266,高新南环路
210182,科技南路
210312,高新南环路
211076,科技南一路
211090,科技南一路
211245,高新南四道
210285,高新南环路
210335,高新南十一道
210488,高新南十道
210602,高新南环路
210605,高新南环路
210427,高新南十道
211023,科技南一路
210255,高新南环路
210606,高新南环路
210300,高新南环路
210303,高新南环路
210441,高新南十道
211020,科技南一路
210590,高新南环路
211258,高新南四道
210295,高新南环路
210357,高新南十一道
211040,科技南一路
211255,高新南四道
210572,高新南环路
211077,科技南一路
211118,科技南一路
211172,高新南七道
210260,高新南环路
210309,高新南环路
210512,高新南九道
210579,高新南环路
211154,科技南十路
211175,高新南七道
211253,高新南四道
210290,高新南环路
210340,高新南十一道
210538,高新南九道
210565,高新南环路
211213,高新南七道
211226,高新南五道
210291,高新南环路
211145,科技南十路
211200,高新南七道
210342,高新南十一道
210215,科技南路
210339,高新南十一道
210417,高新南十道
210425,高新南十道
210569,高新南环路
210435,高新南十道
211183,高新南七道
211224,高新南五道
210359,高新南十一道
211229,高新南五道
210152,科技南路
210344,高新南十一道
210332,高新南十一道
210333,高新南十一道
210348,高新南十一道
210398,高新南十一道
211112,科技南一路
211116,科技南一路
211134,科技南十路
210225,高新南环路
210237,高新南环路
210336,高新南十一道
210490,高新南十道
210560,高新南环路
210563,高新南环路
211285,高新南三道
210319,高新南环路
210341,高新南十一道
210476,高新南十道
211019,科技南一路
211044,科技南一路
211080,科技南一路
211179,高新南七道
211283,高新南三道
211238,高新南五道
210147,科技南路
210223,高新南环路
211088,科技南一路
210173,科技南路
210222,高新南环路
210491,高新南十道
211056,科技南一路
211228,高新南五道
210302,高新南环路
210585,高新南环路
211266,高新南四道
210209,科技南路
210307,高新南环路
210515,高新南九道
211087,科技南一路
211147,科技南十路
211211,高新南七道
210547,高新南九道
211108,科技南一路
210323,高新南环路
210381,高新南十一道
210596,高新南环路
211156,科技南十路
210231,高新南环路
211070,科技南一路
210261,高新南环路
210564,高新南环路
211072,科技南一路
211148,科技南十路
210378,高新南十一道
211057,科技南一路
210459,高新南十道
211276,高新南三道
210454,高新南十道
210463,高新南十道
210188,科技南路
211069,科技南一路
210338,高新南十一道
210478,高新南十道
210580,高新南环路
210608,高新南环路
211061,科技南一路
210347,高新南十一道
211241,高新南四道
210201,科技南路
210358,高新南十一道
210475,高新南十道
210532,高新南九道
211155,科技南十路
211161,科技南十二路
211210,高新南七道
211243,高新南四道
210189,科技南路
210391,高新南十一道
210372,高新南十一道
210418,高新南十道
210229,高新南环路
210286,高新南环路
210292,高新南环路
210462,高新南十道
210473,高新南十道
210172,科技南路
210257,高新南环路
210270,高新南环路
211138,科技南十路
210244,高新南环路
210516,高新南九道
211046,科技南一路
211075,科技南一路
211164,科技南十二路
211197,高新南七道
210162,科技南路
210496,高新南十道
210314,高新南环路
210561,高新南环路
211060,科技南一路
211085,科技南一路
211287,高新南三道
210376,高新南十一道
211136,科技南十路
210190,科技南路
210219,高新南环路
210481,高新南十道
210574,高新南环路
211288,高新南三道
210210,科技南路
210350,高新南十一道
210430,高新南十道
210588,高新南环路
211168,科技南十二路
210198,科技南路
210443,高新南十道
210581,高新南环路
211034,科技南一路
210578,高新南环路
210533,高新南九道
210546,高新南九道
211272,高新南三道
210153,科技南路
210184,科技南路
210220,高新南环路
211084,科技南一路
210586,高新南环路
211157,科技南十路
210228,高新南环路
211055,科技南一路
211152,科技南十路
211188,高新南七道
210180,科技南路
210275,高新南环路
210577,高新南环路
211165,科技南十二路
211195,高新南七道
211025,科技南一路
211065,科技南一路
211207,高新南七道
210310,高新南环路
210316,高新南环路
211132,科技南十路
211199,高新南七道
210374,高新南十一道
210480,高新南十道
211280,高新南三道
210191,科技南路
210234,高新南环路
211204,高新南七道
210251,高新南环路
210317,高新南环路
211074,科技南一路
211151,科技南十路
210245,高新南环路
210397,高新南十一道
211189,高新南七道
211246,高新南四道
210484,高新南十道
210170,科技南路
210253,高新南环路
211150,科技南十路
210568,高新南环路
210208,科技南路
210240,高新南环路
211196,高新南七道
210353,高新南十一道
210399,高新南十一道
211235,高新南五道
210142,科技南路
211064,科技南一路
210192,科技南路
210421,高新南十道
210438,高新南十道
211275,高新南三道
210203,科技南路
210331,高新南十一道
210474,高新南十道
210593,高新南环路
210591,高新南环路
210419,高新南十道
210604,高新南环路
211054,科技南一路
211284,高新南三道
210289,高新南环路
210200,科技南路
210236,高新南环路
210254,高新南环路
210284,高新南环路
210355,高新南十一道
210570,高新南环路
210587,高新南环路
211163,科技南十二路
210485,高新南十道
211039,科技南一路
211100,科技南一路
211111,科技南一路
211279,高新南三道
210197,科技南路
210472,高新南十道
211027,科技南一路
210390,高新南十一道
211015,科技南一路
211045,科技南一路
210155,科技南路
210308,高新南环路
210334,高新南十一道
210592,高新南环路
211115,科技南一路
211185,高新南七道
210433,高新南十道
210464,高新南十道
210467,高新南十道
210469,高新南十道
210168,科技南路
210227,高新南环路
210415,高新南十道
211014,科技南一路
211036,科技南一路
211159,科技南十路
211162,科技南十二路
211208,高新南七道
211223,高新南五道
210511,高新南九道
211139,科技南十路
211221,高新南五道
211242,高新南四道
210482,高新南十道
211142,科技南十路
211171,高新南七道
210185,科技南路
210471,高新南十道
210534,高新南九道
211109,科技南一路
211176,高新南七道
210493,高新南十道
211124,科技南一路
211170,科技南十二路
210194,科技南路
210267,高新南环路
210393,高新南十一道
211043,科技南一路
211089,科技南一路
211286,高新南三道
210544,高新南九道
210318,高新南环路
210349,高新南十一道
210545,高新南九道
211212,高新南七道
211252,高新南四道
210224,高新南环路
210299,高新南环路
211123,科技南一路
211186,高新南七道
211190,高新南七道
211281,高新南三道
210238,高新南环路
210461,高新南十道
211033,科技南一路
211177,高新南七道
211250,高新南四道
211251,高新南四道
210226,高新南环路
210337,高新南十一道
211205,高新南七道
210429,高新南十道
210167,科技南路
210492,高新南十道
210265,高新南环路
210583,高新南环路
211024,科技南一路
211178,高新南七道
210361,高新南十一道
211262,高新南四道
210298,高新南环路
210513,高新南九道
210428,高新南十道
210468,高新南十道
211234,高新南五道
210422,高新南十道
210456,高新南十道
210460,高新南十道
210258,高新南环路
211120,科技南一路
211206,高新南七道
210159,科技南路
211048,科技南一路
210193,科技南路
210213,科技南路
210548,高新南九道
211121,科技南一路
210151,科技南路
210232,高新南环路
211016,科技南一路
210293,高新南环路
210589,高新南环路
211083,科技南一路
211225,高新南五道
210221,高新南环路
210297,高新南环路
210389,高新南十一道
211078,科技南一路
210423,高新南十道
211082,科技南一路
211231,高新南五道
210273,高新南环路
210487,高新南十道
211071,科技南一路
211149,科技南十路
211192,高新南七道
210256,高新南环路
210288,高新南环路
210360,高新南十一道
210573,高新南环路
210156,科技南路
210165,科技南路
210486,高新南十道
210146,科技南路
210183,科技南路
211038,科技南一路
210306,高新南环路
210343,高新南十一道
210351,高新南十一道
210420,高新南十道
210424,高新南十道
210457,高新南十道
211041,科技南一路
210385,高新南十一道
210414,高新南十道
210601,高新南环路
210575,高新南环路
211022,科技南一路
210277,高新南环路
211265,高新南四道
210479,高新南十道
210550,高新南九道
211042,科技南一路
211131,科技南十路
211169,科技南十二路
210246,高新南环路
210345,高新南十一道
210377,高新南十一道
211018,科技南一路
211174,高新南七道
211222,高新南五道
210212,科技南路
211248,高新南四道
211254,高新南四道
211289,高新南三道
210154,科技南路
210207,科技南路
210211,科技南路
210477,高新南十道
210143,科技南路
211035,科技南一路
211135,科技南十路
210274,高新南环路
211086,科技南一路
211140,科技南十路
211153,科技南十路
211249,高新南四道
211277,高新南三道
210149,科技南路
210322,高新南环路
211173,高新南七道
211239,高新南五道
210196,科技南路
210413,高新南十道
210595,高新南环路
211021,科技南一路
211063,科技南一路
211271,高新南三道
210442,高新南十道
210597,高新南环路
211067,科技南一路
211237,高新南五道
210272,高新南环路
210313,高新南环路
210531,高新南九道
210489,高新南十道
210566,高新南环路
210600,高新南环路
211271.0,高新南三道
210181,科技南路
210395,高新南十一道
210552,高新南九道
210296,高新南环路
211099,科技南一路
211122,科技南一路
211144,科技南十路
210315,高新南环路
210603,高新南环路
211232,高新南五道
210157,科技南路
210161,科技南路
211133,科技南十路
211202,高新南七道
210243,高新南环路
210283,高新南环路
211012,科技南一路
211166,科技南十二路
210416,高新南十道
210551,高新南九道
210584,高新南环路
211053,科技南一路
211290,高新南三道
210164,科技南路
210458,高新南十道
210541,高新南九道
211029,科技南一路
211146,科技南十路
210177,科技南路
211110,科技南一路
211052,科技南一路
211227,高新南五道
211259,高新南四道
210455,高新南十道
210607,高新南环路
210176,科技南路
210264,高新南环路
210276,高新南环路
210380,高新南十一道
210352,高新南十一道
210271,高新南环路
210384,高新南十一道
210582,高新南环路
211047,科技南一路
210175,科技南路
210217,科技南路
210263,高新南环路
210539,高新南九道
211058,科技南一路
211264,高新南四道
210294,高新南环路
210383,高新南十一道
210483,高新南十道
211059,科技南一路
211143,科技南十路
211203,高新南七道
210148,科技南路
210465,高新南十道
210567,高新南环路
211184,高新南七道
211209,高新南七道
211236,高新南五道
210396,高新南十一道
210495,高新南十道
211182,高新南七道
211230,高新南五道
210166,科技南路
210252,高新南环路
210169,科技南路
210392,高新南十一道
210394,高新南十一道
210576,高新南环路
211263,高新南四道
211017,科技南一路
210400,高新南十一道
211028,科技南一路
211261,高新南四道
210239,高新南环路
210262,高新南环路
210598,高新南环路
210304,高新南环路
210199,科技南路
210214,科技南路
210431,高新南十道
210514,高新南九道
210388,高新南十一道
210535,高新南九道
211141,科技南十路
211181,高新南七道
211273,高新南三道
211079,科技南一路
211256,高新南四道
210230,高新南环路
211032,科技南一路
211049,科技南一路
210216,科技南路
210233,高新南环路
210401,高新南十一道
210301,高新南环路
210311,高新南环路
210324,高新南环路
211066,科技南一路
210386,高新南十一道
210320,高新南环路
210437,高新南十道
211117,科技南一路
210163,科技南路
210171,科技南路
211037,科技南一路
210494,高新南十道
210594,高新南环路
210287,高新南环路
210321,高新南环路
211013,科技南一路
211062,科技南一路
211167,科技南十二路
